{
  "analysis_time": "2026-03-29 19:44:21",
  "stock_code": "000001.SZ",
  "data_period": "200个交易日",
  "individual_strategies": {
    "价格行为策略": {
      "signals_count": 25,
      "performance": {
        "total_return": -0.11851781946625863,
        "sharpe_ratio": -21.825066620820415,
        "max_drawdown": 0.11851781946625863,
        "win_rate": 0.0,
        "trades_count": 2,
        "avg_return": -0.06112299856612254,
        "final_capital": 881482.1805337414,
        "trade_details": [
          {
            "timestamp": 