{
  "iteration": 1,
  "generated_at": "2026-03-30T19:06:33.662908",
  "total_strategies": 5,
  "best_strategy": "MACD策略_20260330",
  "best_return": 0.10481550582845095,
  "results_summary": {
    "移动平均交叉_20260330": {
      "return": 0.018740963304104852,
      "sharpe": 0.824101571010133,
      "drawdown": 0.12076037743492361
    },
    "RSI策略_20260330": {
      "return": -0.08000767672576509,
      "sharpe": 0.4953553458683049,
      "drawdown": 0.39636625170190043
    },
    "MACD策略_20260330": {
      "return": 0.10481550582845095,
      "sharpe": 0.8440611994858286,
      "drawdown": 0.4272106996554772
    },
    "布林带策略_20260330": {
      "return": -0.054743320211312174,
      "sharpe": 0.06185648182768646,
      "drawdown": 0.4580535939041407
    },
    "ATR通道策略_20260330": {
      "return": -0.01882369980818585,
      "sharpe": 0.6508175349980556,
      "drawdown": 0.3134417972426994
    }
  },
  "system_state": {
    "current_iteration": 1,
    "total_strategies": 5,
    "best_return": 0.10481550582845095
  }
}