{
  "strategy_name": "price_action",
  "param_grid": {
    "window": [
      10,
      20,
      30
    ],
    "confidence_threshold": [
      0.5,
      0.6,
      0.7
    ]
  },
  "total_combinations_evaluated": 9,
  "best_params": {
    "window": 10,
    "confidence_threshold": 0.5
  },
  "best_performance": {
    "total_return": 0.2587213448135166,
    "sharpe_ratio": 0.4419737117072216,
    "max_drawdown": 0.11851781946625863,
    "win_rate": 0.3333333333333333,
    "trades_count": 3,
    "avg_return": 0.10190468664303194,
    "final_capital": 1258721.3448135166,
    "trade_details": [
      {
        "timestamp": 