{
  "移动平均交叉_20260330": {
    "strategy": {
      "name": "移动平均交叉_20260330",
      "type": "ma_crossover",
      "parameters": {
        "fast_period": 9,
        "slow_period": 46
      }
    },
    "performance": {
      "total_return": 0.018740963304104852,
      "sharpe_ratio": 0.824101571010133,
      "max_drawdown": 0.12076037743492361,
      "win_rate": 0.3573356128488008,
      "trades_count": 85
    }
  },
  "RSI策略_20260330": {
    "strategy": {
      "name": "RSI策略_20260330",
      "type": "rsi",
      "parameters": {
        "period": 16,
        "oversold": 35,
        "overbought": 79
      }
    },
    "performance": {
      "total_return": -0.08000767672576509,
      "sharpe_ratio": 0.4953553458683049,
      "max_drawdown": 0.39636625170190043,
      "win_rate": 0.5545276137271574,
      "trades_count": 96
    },
    "optimized": true,
    "improvement": 0.007845581631712395
  },
  "MACD策略_20260330": {
    "strategy": {
      "name": "MACD策略_20260330",
      "type": "macd",
      "parameters": {
        "fast_period": 10,
        "slow_period": 20,
        "signal_period": 8
      }
    },
    "performance": {
      "total_return": 0.10481550582845095,
      "sharpe_ratio": 0.8440611994858286,
      "max_drawdown": 0.4272106996554772,
      "win_rate": 0.37584408182676016,
      "trades_count": 60
    }
  },
  "布林带策略_20260330": {
    "strategy": {
      "name": "布林带策略_20260330",
      "type": "bollinger",
      "parameters": {
        "period": 20,
        "std_dev": 1.887809497168146
      }
    },
    "performance": {
      "total_return": -0.054743320211312174,
      "sharpe_ratio": 0.06185648182768646,
      "max_drawdown": 0.4580535939041407,
      "win_rate": 0.5420080559084217,
      "trades_count": 48
    },
    "optimized": true,
    "improvement": 0.05444969591038651
  },
  "ATR通道策略_20260330": {
    "strategy": {
      "name": "ATR通道策略_20260330",
      "type": "atr_channel",
      "parameters": {
        "atr_period": 10,
        "multiplier": 2.075148973217278
      }
    },
    "performance": {
      "total_return": -0.01882369980818585,
      "sharpe_ratio": 0.6508175349980556,
      "max_drawdown": 0.3134417972426994,
      "win_rate": 0.3448804348580857,
      "trades_count": 25
    },
    "optimized": true,
    "improvement": 0.07093208284726096
  }
}